timestamp,name,system,ID64
2020-07-29T00:37:51Z,Silicate Vapour Fumarole,V405 Carinae,0
2020-07-29T00:37:47Z,Silicate Vapour Gas Vent,V405 Carinae,0
2020-07-26T06:17:29Z,Roseum Bioluminescent Anemone,V378 Carinae,0
2020-07-21T18:52:35Z,Roseum Bioluminescent Anemone,HD 55854,0
2020-07-18T18:57:54Z,Water Ice Geyser,Shrogaae GV-D c13-101,0
2020-07-17T02:31:22Z,Silicate Magma Lava Spout,Oochost SI-Z d1-9,0
2020-07-17T02:08:59Z,Silicate Vapour Gas Vent,Oochost SI-Z d1-9,0
2020-07-03T01:33:03Z,Water Ice Fumarole,Oochost RA-C d14-12,0
2020-06-06T16:52:09.000Z,Silicate Vapour Fumarole,2MASS J02351897+6131236,0
2020-06-05T22:06:57.000Z,Blatteum Bioluminescent Anemone,Drojo NX-U e2-0,0
2020-04-22T23:31:34.000Z,Water Ice Fumarole,Wregoe UO-Q b21-0,0
2020-04-19T12:31:29.000Z,Sulphur Dioxide Fumarole,Blae Dryua SV-C c29-0,0
2020-04-15T07:18:58Z,Sulphur Dioxide Fumarole,2MASS J08452630+1947040,0
2020-04-10T02:15:58.000Z,Iron Magma Lava Spout,Hypuae Ain VJ-H d10-9,0
2020-04-08T18:35:54.000Z,Water Ice Fumarole,Flyooe Eohn KR-C b4-1,0
2020-04-08T18:24:15.000Z,Water Ice Geyser,Flyooe Eohn KR-C b4-1,0
2020-04-08T18:09:03.000Z,Silicate Vapour Fumarole,Flyooe Eohn KR-C b4-1,0
2020-04-08T17:54:23.000Z,Silicate Magma Lava Spout,Flyooe Eohn KR-C b4-1,0
2020-04-07T03:17:24.000Z,Sulphur Dioxide Gas Vent,Eafots GQ-O d6-9,0
2020-04-06T11:04:05Z,Bark Mounds,Dehoae LR-U d3-1,0
2020-04-02T01:40:33Z,Silicate Vapour Fumarole,Thraikue AI-I c23-2,0
2020-03-31T02:57:21Z,Water Ice Fumarole,Stroifa LR-Z c27-0,0
2020-03-29T02:38:05Z,Water Ice Fumarole,Byooe Eup BE-T d3-5,0
2020-03-28T20:57:39Z,Prasinum Bioluminescent Anemone,2MASS J02333009+6128540,0
2020-03-25T15:23:52Z,Ammonia Ice Fumarole,Blu Euq PI-K b8-3,0
2020-03-25T02:26:20Z,Silicate Vapour Fumarole,Fojeau MY-Z d13-14,0
2020-03-22T08:11:17.000Z,Albidum Sinuous Tubers,Stuemeou FP-J c24-280,0
2020-03-22T07:56:22.000Z,Roseum Sinuous Tubers,Stuemeou FP-J c24-280,0
2020-03-22T06:37:04Z,Water Ice Fumarole,Chraufoo JN-K d8-41,0
2020-03-21T20:55:51Z,Silicate Magma Lava Spout,Blu Euq FR-N d6-213,0
2020-03-21T03:30:12Z,Silicate Vapour Fumarole,Chraufoo MO-H c10-9,0
2020-03-20T04:08:37Z,Iron Magma Lava Spout,Chraufoo WO-A d6,0
2020-03-19T06:24:24Z,Water Ice Geyser,Ridgeia WG-I b24-0,0
2020-03-17T11:58:11Z,Silicate Vapour Fumarole,Pleia Eup PV-B c27-4,0
2020-03-15T17:31:24Z,Water Ice Fumarole,Blu Euq UY-C b40-7,0
2020-03-14T17:46:09.000Z,Sulphur Dioxide Fumarole,Hypio Pri WX-F d12-458,0
2020-03-14T08:36:52.000Z,Roseum Sinuous Tubers,Hypio Pri EK-C d14-2903,0
2020-03-12T19:01:14Z,Silicate Magma Lava Spout,Leesti,0
2020-03-11T22:18:56.000Z,Sulphur Dioxide Fumarole,2MASS J05233662+3329050,0
2020-03-08T18:57:06.000Z,Silicate Vapour Gas Vent,Hypio Pri EK-C d14-2903,0
2020-03-08T18:52:11Z,Water Ice Geyser,Greae Hypua TT-I c12-0,0
2020-03-08T09:53:01Z,Silicate Vapour Fumarole,Greae Phrooe BN-I d10-80,0
2020-03-08T07:36:53Z,Water Ice Fumarole,Thailoea BP-A c29-6,0
2020-03-07T20:50:34Z,Proto-Lagrange Cloud,Blu Thua WB-S b31-7,0
2020-03-05T01:20:35Z,Ammonia Ice Fumarole,Phae Aeb CL-F d11-3,0
2020-03-03T09:13:13.000Z,Roseum Bioluminescent Anemone,Shrogaae BK-A e353,0
2020-03-02T07:43:15Z,Crystalline Shards,Schafuia LY-I d9-14,0
2020-03-01T08:25:16Z,Water Ice Fumarole,Dryoi Flyue YS-K b53-1,0
2020-02-29T20:59:53Z,Sulphur Dioxide Gas Vent,Eord Ploe JR-N e6-64,0
2020-02-28T04:21:17Z,Silicate Vapour Fumarole,Dryu Ail EH-M d7-5,0
2020-02-26T17:01:49Z,Silicate Magma Lava Spout,Eord Ploe HJ-S b4-9,0
2020-02-25T09:04:08Z,Crystalline Shards,Groeb JW-D c12-2,0
2020-02-24T08:14:45.000Z,Sulphur Dioxide Gas Vent,NGC 6664 Sector JD-A b14-4,0
2020-02-23T01:07:38.000Z,Silicate Vapour Gas Vent,Wregoe YS-T b45-0,0
2020-02-22T20:29:14Z,Sulphur Dioxide Gas Vent,Xeehuia XQ-T d4-5,0
2020-02-22T13:59:33.000Z,Bark Mounds,Greae Phio QE-Q e5-5596,0
2020-02-21T22:15:29Z,Silicate Vapour Gas Vent,Nyeakua IZ-Z c13-0,0
2020-02-17T11:45:24.000Z,Puniceum Brain Tree,Graea Hypue WF-W d2-103,0
2020-02-16T18:20:45Z,Prasinum Metallic Crystals,Blaa Eork FZ-S b23-0,0
2020-02-13T15:08:46.000Z,Silicate Vapour Gas Vent,Hypaa Flyuae EX-S d4-0,0
2020-02-13T02:12:54Z,Water Ice Geyser,Prua Dryoae TI-P c7-0,0
2020-02-11T01:14:07Z,Water Ice Geyser,Prua Dryoae LI-A d1-30,0
2020-02-08T23:55:23Z,Water Ice Fumarole,Skauduae AA-Q b38-5,0
2020-02-08T23:35:26Z,Iron Magma Lava Spout,Skauduae UC-E b31-11,0
2020-02-08T23:20:35Z,Water Ice Fumarole,Skauduae MQ-H b29-6,0
2020-02-08T17:32:44Z,Water Ice Fumarole,Aucopp OT-D a39-3,0
2020-02-07T17:54:35Z,Carbon Dioxide Ice Geyser,Prooe Hypue QN-K b41-4,0
2020-02-05T17:06:38.000Z,Silicate Magma Lava Spout,Col 359 Sector ZX-Z b14-4,0
2020-02-04T23:15:38.000Z,Roseum Brain Tree,Graea Hypue BW-U d3-114,0
2020-02-03T20:06:36.000Z,Sulphur Dioxide Fumarole,Phroi Phoea ME-X d2-23,0
2020-02-02T19:03:15Z,Sulphur Dioxide Gas Vent,Thailae MR-N c9-16,0
2020-02-02T18:20:44Z,Carbon Dioxide Ice Geyser,Thailae YG-H b2-0,0
2020-01-24T23:14:06Z,Proto-Lagrange Cloud,Joihaea GX-I d10-1,0
2020-01-24T04:11:30.000Z,Carbon Dioxide Ice Fumarole,Myoidu MT-U c2-6,0
2020-01-24T04:10:26.000Z,Crystalline Shards,Myoidu MT-U c2-6,0
2020-01-23T09:17:00Z,Ammonia Ice Fumarole,2MASS J03291188+3121271,0
2020-01-21T20:34:56Z,Carbon Dioxide Ice Geyser,Phroi Pri LP-V c16-1427,0
2020-01-19T15:33:46Z,Ostrinum Peduncle Tree,Meamoea WS-V b33-3,0
2020-01-19T15:26:38Z,Albidum Peduncle Tree,Meamoea WS-V b33-3,0
2020-01-19T15:23:39Z,Viride Peduncle Tree,Meamoea WS-V b33-3,0
2020-01-17T21:14:56.000Z,Carbon Dioxide Ice Geyser,EES2009 Persei J03286006+3122826,0
2020-01-16T00:08:48.000Z,Bark Mounds,Hypoae Ain IX-L d7-83,0
2020-01-13T22:15:52Z,Common Thargoid Barnacle,Witch Head Sector DL-Y d17,0
2020-01-12T12:38:09Z,Rubellum Peduncle Tree,Chaneae OS-X b19-0,0
2020-01-12T12:26:06.000Z,Common Thargoid Barnacle,Witch Head Sector FB-X c1-11,0
2020-01-12T12:18:52Z,Ostrinum Peduncle Tree,Chaneae OS-X b19-0,0
2020-01-11T21:04:36Z,Ostrinum Peduncle Tree,Chaneae TE-X d2-10,0
2020-01-11T02:48:04Z,Thargoid Interceptor Hydra,Witch Head Sector GW-W c1-4,0
2020-01-11T00:08:15Z,Caeruleum Peduncle Tree,Oob Aoc US-J c22-2,0
2020-01-10T22:04:05.000Z,Silicate Magma Lava Spout,Syralia LR-N d6-127,0
2020-01-10T18:22:08Z,Proto-Lagrange Cloud,Lysoosms TM-W b56-12,0
2020-01-08T21:53:41Z,Ostrinum Peduncle Tree,Oob Aoc LT-W c16-0,0
2020-01-08T21:49:06Z,Albidum Peduncle Tree,Oob Aoc LT-W c16-0,0
2020-01-08T21:35:58Z,Ostrinum Peduncle Tree,Oob Aoc RZ-U c17-0,0
2020-01-08T21:10:12Z,Albidum Peduncle Tree,Oob Aoc CA-H d10-0,0
2020-01-08T20:59:50Z,Rubellum Peduncle Tree,Oob Aoc IQ-N c20-0,0
2020-01-08T20:22:46Z,Caeruleum Peduncle Tree,Oob Aoc UX-S c17-0,0
2020-01-08T16:57:52Z,Silicate Vapour Fumarole,Yaimae VV-T d4-4,0
2020-01-06T21:55:19Z,Caeruleum Peduncle Tree,Yaimae AS-O c8-0,0
2020-01-05T16:31:56Z,Proto-Lagrange Cloud,Blie Aihm LD-H c24-0,0
2020-01-04T21:22:54.000Z,Sulphur Dioxide Gas Vent,PSR J1300+1240,0
2020-01-04T14:27:17Z,Silicate Vapour Gas Vent,Oochont RA-M d8-7,0
2020-01-04T11:42:12Z,Silicate Vapour Gas Vent,Ootosky BW-L d8-1,0
2020-01-03T16:08:24Z,Water Ice Geyser,Blu Euq HW-C c26-22,0
2020-01-01T11:47:44Z,Silicate Vapour Gas Vent,Scheau Prao MA-L d9-4486,0
2019-12-29T11:17:56Z,Water Ice Geyser,Wepue TT-L c10-892,0
2019-12-28T22:36:52.000Z,Silicate Magma Lava Spout,Byeia Freau HL-Y d16,0
2019-12-28T20:37:39Z,Sulphur Dioxide Fumarole,Dryoi Pri MY-G d11-10293,0
2019-12-28T12:56:54Z,Albulum Gourd Mollusc,Blu Euq AZ-Q c18-24,0
2019-12-28T12:50:46Z,Flavum Metallic Crystals,Blu Euq AZ-Q c18-24,0
2019-12-27T17:59:47Z,Water Ice Fumarole,Oochont IV-P c21-0,0
2019-12-27T15:12:34Z,Sulphur Dioxide Gas Vent,Oochont LW-M c23-1,0
2019-12-27T10:48:37Z,Silicate Vapour Fumarole,Blu Euq FN-W c1-25,0
2019-12-26T22:07:45Z,Sulphur Dioxide Fumarole,Oochont BN-H d11-4,0
2019-12-26T20:25:10Z,Silicate Vapour Fumarole,Outott IC-D d12-16,0
2019-12-24T21:00:46Z,Sulphur Dioxide Fumarole,Kyloarph ZF-N d7-3606,0
2019-12-20T13:10:50Z,Silicate Magma Lava Spout,Dryooe Prou OP-B c15-101,0
2019-12-19T16:54:37Z,Roseum Bioluminescent Anemone,Agnairt DW-V e2-3059,0
2019-12-19T14:30:55Z,Silicate Vapour Fumarole,Agnairt HD-Q d6-5082,0
2019-12-19T13:22:58Z,Bark Mounds,Agnairt VN-K c11-2715,0
2019-12-16T10:54:09Z,Proto-Lagrange Cloud,Aucopp XM-X b46-1,0
2019-12-14T22:21:23Z,Bark Mounds,Dumboe JM-W e1-1406,0
2019-12-14T17:43:34.000Z,Roseum Brain Tree,Pro Eurl KQ-Y c21,0
2019-12-14T17:17:01.000Z,Viride Brain Tree,Pro Eurl KQ-Y c21,0
2019-12-13T09:21:20Z,Iron Magma Lava Spout,Qeajaea VM-W d1-92,0
2019-12-12T16:45:55Z,Bark Mounds,Agnairt UA-U d4-547,0
2019-12-12T03:36:15Z,Sulphur Dioxide Fumarole,Byeia Eur SP-G d10-188,0
2019-12-08T07:40:55Z,Sulphur Dioxide Fumarole,CSI+46-20087,0
2019-12-02T01:10:38Z,Nitrogen Ice Fumarole,Col 89 Sector NC-N c22-0,0
2019-12-01T20:05:16Z,Carbon Dioxide Ice Geyser,Col 89 Sector NC-N c22-0,0
2019-12-01T17:42:24.000Z,Water Ice Geyser,Gludgooe XO-M b35-1,0
2019-12-01T04:22:47Z,Flavum Metallic Crystals,NGC 4463 Sector FC-K d9-35,0
2019-12-01T04:10:11Z,Purpureum Metallic Crystals,NGC 4463 Sector FC-K d9-35,0
2019-11-30T05:08:17Z,Flavum Metallic Crystals,Pro Eurl JH-B c27-5,0
2019-11-30T04:49:32Z,Proto-Lagrange Cloud,Pro Eurl JH-B c27-5,0
2019-11-28T09:49:40Z,Aureum Brain Tree,Wregoe ON-R c18-8,0
2019-11-22T16:13:21.000Z,Carbon Dioxide Ice Fumarole,Aucoths XG-K d9-6,0
2019-11-21T16:08:31.000Z,Ostrinum Brain Tree,Synuefe UO-B b45-0,0
2019-11-21T15:43:44.000Z,Silicate Magma Lava Spout,Synuefe UO-B b45-0,0
2019-11-19T21:50:40.000Z,Crystalline Shards,Gludgooe FV-X d1-14,0
2019-11-19T21:50:05.000Z,Nitrogen Ice Fumarole,Gludgooe FV-X d1-14,0
2019-11-19T14:46:14.000Z,Aureum Brain Tree,Synuefe UO-B b45-0,0
2019-11-18T19:06:00.000Z,Lividum Brain Tree,Synuefe UO-B b45-0,0
2019-11-17T19:51:28.000Z,Roseum Brain Tree,Synuefe UO-B b45-0,0
2019-11-17T17:33:48.000Z,Water Ice Fumarole,Synuefe UO-B b45-0,0
2019-11-17T17:11:54.000Z,Water Ice Geyser,Synuefe UO-B b45-0,0
2019-11-17T16:52:01.000Z,Carbon Dioxide Ice Geyser,Synuefe UO-B b45-0,0
2019-11-17T16:45:04.000Z,Carbon Dioxide Ice Fumarole,Synuefe UO-B b45-0,0
2019-11-17T13:21:31.000Z,Silicate Vapour Gas Vent,Synuefe UO-B b45-0,0
2019-11-08T04:25:13Z,Water Ice Fumarole,Spaidau QD-Z c27-0,0
2019-11-07T00:54:54Z,Crystalline Shards,Dryafiae XU-E c28-7,0
2019-11-04T03:40:33Z,Crystalline Shards,Scheau Phoea QO-O d7-31,0
2019-11-02T20:12:57.000Z,Sulphur Dioxide Gas Vent,Eorld Pri GL-F c14-595,0
2019-11-02T18:15:59.000Z,Silicate Vapour Fumarole,Eorld Pri GL-F c14-595,0
2019-11-02T15:07:33.000Z,Silicate Vapour Gas Vent,Eorld Pri GL-F c14-595,0
2019-11-01T09:16:45.000Z,Silicate Magma Lava Spout,Eeshovvy IK-C d14-1003,0
2019-10-22T22:01:06.000Z,Silicate Vapour Fumarole,Phrua Pruae GP-D d13-736,0
2019-10-20T17:19:44.000Z,Sulphur Dioxide Fumarole,Praei Thoe CP-A c0,0
2019-10-09T21:56:20.000Z,Bark Mounds,Eock Prau BY-Z b14-0,0
2019-09-24T19:08:08.000Z,Crystalline Shards,Byua Chrea JH-M d7-18,0
2019-09-21T20:37:32Z,Water Ice Fumarole,Throofai HE-U c5-3,0
2019-09-19T21:30:21.000Z,Sulphur Dioxide Gas Vent,Thailuae UK-F d11-6,0
2019-09-16T03:39:49Z,Common Thargoid Barnacle,Witch Head Sector LC-V c2-10,0
2019-09-16T03:30:46Z,Roseum Brain Tree,Plio Eurl DX-T b32-1,0
2019-09-15T21:02:58Z,Common Thargoid Barnacle,Witch Head Sector HW-W c1-9,0
2019-09-15T15:41:28.000Z,Iron Magma Lava Spout,Witch Head Sector LC-V c2-10,0
2019-09-10T16:11:06.000Z,Non-Human Signal Source,Witch Head Sector OI-S b4-0,0
2019-09-06T23:48:03.000Z,Sulphur Dioxide Fumarole,Blo Thiae KI-B d13-0,0
2019-09-06T10:28:14Z,Methane Ice Fumarole,Prudguia GG-F c14-0,0
2019-09-05T16:16:23.000Z,Bark Mounds,Witch Head Sector DL-Y d7,0
2019-08-31T20:20:32.000Z,Bark Mounds,Witch Head Sector DL-Y d17,0
2019-08-29T03:40:39.000Z,Bark Mounds,Witch Head Sector LC-V c2-10,0
2019-08-23T17:38:29.000Z,Lividum Brain Tree,Col 132 Sector RS-U b18-0,0
2019-08-22T08:56:23.000Z,Common Thargoid Barnacle,Witch Head Sector HW-W c1-7,0
2019-08-21T23:53:24.000Z,Sulphur Dioxide Fumarole,Phroi Phio NU-V d3-54,0
2019-08-20T19:23:45.000Z,Brain Trees,HD 91919,0
2019-08-20T16:11:01.000Z,Silicate Magma Lava Spout,Witch Head Sector HW-W c1-9,0
2019-08-20T10:05:33.000Z,Brain Trees,HIP 51678,0
2019-08-19T21:59:15.000Z,Sulphur Dioxide Fumarole,Gru Eop PC-V e2-0,0
2019-08-19T21:40:27.000Z,Blatteum Bioluminescent Anemone,Gru Eop PC-V e2-0,0
2019-08-19T11:32:07.000Z,Carbon Dioxide Ice Geyser,Lysoosms KU-L b36-3,0
2019-08-17T12:40:11.000Z,Common Thargoid Barnacle,Witch Head Sector GW-W c1-4,0
2019-08-15T07:51:01.000Z,Non-Human Signal Source,Witch Head Sector FB-X c1-5,0
2019-08-13T20:36:34.000Z,Non-Human Signal Source,Witch Head Sector FB-X c1-7,0
2019-08-13T18:28:33.000Z,Non-Human Signal Source,Witch Head Sector DL-Y d26,0
2019-08-11T02:34:56.000Z,Water Ice Geyser,BD+65 210,0
2019-08-10T11:41:38.000Z,Non-Human Signal Source,Witch Head Sector EB-X c1-7,0
2019-08-10T11:33:45.000Z,Bark Mounds,Witch Head Sector EB-X c1-7,0
2019-08-08T19:49:54.000Z,Non-Human Signal Source,Witch Head Sector KC-U b3-0,0
2019-08-08T18:55:22.000Z,Non-Human Signal Source,Witch Head Sector LC-V c2-9,0
2019-08-07T14:52:43.000Z,Anemones,2MASS J02351897+6131236,0
2019-08-02T22:12:32.000Z,Iron Magma Lava Spout,Witch Head Sector LC-V c2-9,0
2019-07-31T09:26:34Z,Rubeum Metallic Crystals,Flyiedgou CW-C d48,0
2019-07-31T07:58:55.000Z,Prasinum Bioluminescent Anemone,2MASS J02350854+6109233,0
2019-07-30T14:22:12.000Z,Bark Mounds,Witch Head Sector HW-W c1-9,0
2019-07-29T23:19:48.000Z,Bark Mounds,Eock Bluae BK-A e0,0
2019-07-28T15:59:41.000Z,Sulphur Dioxide Gas Vent,Witch Head Sector HW-W c1-9,0
2019-07-28T07:37:48.000Z,Bark Mounds,Witch Head Sector FB-X c1-11,0
2019-07-26T22:40:27.000Z,Non-Human Signal Source,Witch Head Sector DL-Y d7,0
2019-07-26T20:20:22.000Z,Non-Human Signal Source,Witch Head Sector GW-W c1-10,0
2019-07-25T20:03:27.000Z,Non-Human Signal Source,Witch Head Sector LC-V c2-10,0
2019-07-25T19:18:43.000Z,Non-Human Signal Source,Witch Head Sector FB-X c1-11,0
2019-07-25T18:58:37.000Z,Non-Human Signal Source,Witch Head Sector HW-W c1-7,0
2019-07-25T12:26:08.000Z,Non-Human Signal Source,Witch Head Sector DL-Y d17,0
2019-07-25T12:20:26.000Z,Non-Human Signal Source,Witch Head Sector GW-W c1-4,0
2019-07-25T08:12:57.000Z,Non-Human Signal Source,Witch Head Sector HW-W c1-9,0
2019-07-18T08:07:16Z,Prasinum Metallic Crystals,Flyiedgou CW-C d53,0
2019-07-11T23:24:24.000Z,Bark Mounds,Witch Head Sector KC-U b3-0,0
2019-07-11T22:50:39.000Z,Bark Mounds,Witch Head Sector HW-W c1-7,0
2019-07-06T18:24:02.000Z,Brain Trees,Praea Euq BR-Y c22,0
2019-07-05T22:33:51.000Z,Roseum Sinuous Tubers,Shrongio WT-A c202,0
2019-06-26T06:10:42Z,Roseum Bioluminescent Anemone,Scheau Phio JC-U e3-7,0
2019-06-22T14:02:33.000Z,Gourd Molluscs,Omega Sector GC-U b3-4 ABC,0
2019-06-22T11:35:49.000Z,Gourd Molluscs,Nyeajaae KZ-C b5-6 A,0
2019-06-22T11:32:19.000Z,Metallic Crystals,Nyeajaae KZ-C b5-6 A,0
2019-06-21T18:33:54.000Z,Prasinum Bioluminescent Anemone,2MASS J02344892+6124230,0
2019-06-21T18:33:51.000Z,Anemones,2MASS J02344892+6124230,0
2019-06-21T06:25:10.000Z,Sulphur Dioxide Fumarole,2MASS J21014358+6809361,0
2019-06-19T18:03:41Z,Water Ice Geyser,Pheia Ain CD-N b7-4,0
2019-06-18T17:10:33.000Z,Sulphur Dioxide Fumarole,Skaude ON-T e3-80,0
2019-06-18T16:45:46.000Z,Roseum Bioluminescent Anemone,Skaude ON-T e3-80,0
2019-06-18T16:30:42.000Z,Iron Magma Lava Spout,Skaude ON-T e3-80,0
2019-06-18T15:38:07.000Z,Silicate Magma Lava Spout,Skaude ON-T e3-80,0
2019-06-13T08:49:18.000Z,Bark Mounds,Vegnue ZQ-C d13-285,0
2019-06-07T22:34:38Z,Viride Brain Tree,Col 132 Sector RE-P d6-84,0
2019-06-07T09:59:30Z,Roseum Brain Tree,Col 132 Sector PT-Q d5-16,0
2019-06-06T22:18:30Z,Roseum Brain Tree,Col 132 Sector NY-Q d5-8,0
2019-06-03T21:06:44Z,Ostrinum Brain Tree,Col 132 Sector NY-Q d5-11,0
2019-06-01T04:50:44.000Z,Peduncle Pods,Schearea FM-U c19-16,0
2019-06-01T04:42:44.000Z,Peduncle Trees,Schearea FM-U c19-16,0
2019-05-20T00:53:54.000Z,Silicate Magma Lava Spout,Witch Head Sector GW-W c1-4,0
2019-05-03T21:41:10Z,Carbon Dioxide Ice Fumarole,Ushott OO-Q d5-0,0
2019-04-25T13:42:24.000Z,Non-Human Signal Source,BD+41 1865,0
2019-04-14T11:01:49.000Z,Anemones,Striechooe MI-S e4-2,0
2019-03-03T23:15:39.000Z,Metallic Crystals,Juenae OX-U e2-8852 B,0
2019-03-03T23:09:28.000Z,Lagrange Cloud,Juenae OX-U e2-8852 B,0
2019-03-03T23:00:12.000Z,T-Type Anomalies,Phraa Pra HH-U e3-1354 A,0
2019-03-03T22:58:15.000Z,Metallic Crystals,Phraa Pra HH-U e3-1354 A,0
2019-03-03T22:57:56.000Z,T-Type Anomalies,Phraa Pra HH-U e3-1354 A 1 A Ring,0
2019-03-03T22:27:37.000Z,Mineral Spheres,Phraa Pra HH-U e3-1354 A 1 A Ring,0
2019-03-03T22:25:02.000Z,Metallic Crystals,Phraa Pra HH-U e3-1354 A 1 A Ring,0
2019-03-03T22:22:46.000Z,L-Type Anomalies,Juenae OX-U e2-8852 B,0
2019-02-08T14:40:36.000Z,Metallic Crystals,Wregoe KM-L c8-2,0
2019-02-02T16:47:05Z,Carbon Dioxide Ice Geyser,Bloo Eork OT-Z d2,0
2019-02-02T16:06:05Z,Iron Magma Lava Spout,Blia Theia BA-A d41,0
2019-02-02T15:48:10Z,Water Fumarole,Blia Theia VO-A d29,0
2019-02-02T14:45:57Z,Sulphur Dioxide Gas Vent,Blia Theia TT-A d2,0
2019-01-31T22:25:11Z,Silicate Magma Lava Spout,Throofa IH-D d12-0,0
2019-01-31T20:53:42Z,Silicate Vapour Fumarole,Blooe Eork PY-Z d1,0
2019-01-30T22:03:34Z,Iron Magma Lava Spout,Grie Eork WU-W d2-1,0
2019-01-30T21:28:57Z,Water Ice Geyser,Grie Eork KN-O c8-0,0
2019-01-30T20:17:52Z,Silicate Magma Lava Spout,Engoks NE-X d2-0,0
2019-01-30T19:33:06Z,Carbon Dioxide Ice Geyser,Blia Theia RA-A b55-0,0
2019-01-20T18:21:39.000Z,Bark Mounds,2MASS J03290575+3116396,0
2019-01-19T16:29:38.000Z,Anemones,BD+55 191,0
2019-01-14T19:10:39Z,Purpureus Metallic Crystals,Drojeae BS-P b24-1,0
2019-01-14T19:06:17Z,Prasinus Metallic Crystals,Drojeae BS-P b24-1,0
2019-01-02T19:33:18Z,Proto-Lagrange Cloud,Flyiedge YP-N d7-18,0
2018-12-23T19:06:03Z,Silicate Magma Lava Spout,Outott IH-D d12-4,0
2018-12-23T02:50:28Z,Blattinus Bioluminescent Anemone,2MASS J03291977+3124572,0
2018-12-20T23:06:25Z,Iron Magma Lava Spout,Flyeia Dryiae JW-C d0,0
2018-12-20T21:34:51Z,Sulphur Dioxide Gas Vent,Flyeia Dryiae JA-E b4-0,0
2018-12-20T20:00:22Z,Silicate Magma Lava Spout,Flyeia Dryiae JG-A c3-1,0
2018-12-19T22:31:30Z,Sulphur Dioxide Gas Vent,Flyae Drye HD-Z d1-1,0
2018-12-19T12:51:43Z,Water Ice Fumarole,Flya Hypoea NG-O c9-0,0
2018-12-17T22:55:31Z,Silicate Magma Lava Spout,Flyae Drye WY-V b7-0,0
2018-12-17T16:52:18Z,Silicate Vapour Gas Vent,Flyae Drye MN-A d1-2,0
2018-12-16T15:06:04Z,Silicate Magma Lava Spout,Flyae Drye GS-X c3-0,0
2018-12-16T12:15:35Z,Carbon Dioxide Ice Fumarole,Flyae Drye EB-B c2-0,0
2018-12-15T21:13:49Z,Carbon Dioxide Ice Fumarole,Flyae Drye GB-B c2-0,0
2018-12-15T20:25:40Z,Blattinus Bioluminescent Anemone,Flyae Drye TD-B e0,0
2018-12-15T18:44:52Z,Roseus Bioluminescent Anemone,Flyae Drye YJ-Z e0,0
2018-12-15T17:42:10Z,Silicate Vapour Fumarole,Systimbu GD-A d14-4382,0
2018-12-14T23:19:22Z,Water Ice Fumarole,Oochoss EM-D c28-0,0
2018-12-14T17:08:18Z,Silicate Magma Lava Spout,Oochoss IN-H b56-0,0
2018-12-14T13:07:25Z,Silicate Magma Lava Spout,Plaa Aec PJ-Q e5-1,0
2018-12-14T12:47:34Z,Iron Magma Lava Spout,Oochoss DL-F c27-1,0
2018-12-14T00:55:32Z,Silicate Magma Lava Spout,Oochoss TI-H b56-0,0
2018-12-14T00:02:53Z,Sulphur Dioxide Gas Vent,Synuefue MH-C d11,0
2018-12-13T23:33:20Z,Ammonia Ice Fumarole,Synuefue XI-J b0,0
2018-12-13T22:41:33Z,Ammonia Ice Fumarole,Prua Dryou IY-Q c21-12,0
2018-12-13T00:17:43Z,Sulphur Dioxide Gas Vent,Synuefue UN-A d1-15,0
2018-12-12T22:43:55Z,Water Ice Geyser,Synuefue WX-A b18-0,0
2018-07-02T01:25:37.000Z,Listening Post,Pleiades Sector IR-W d1-55,0
